player_id,name,Entry_Age,Height,reach_sf,Avg_Win_ace,Avg_Win_df,Avg_Win_svpt,Avg_Win_1stIn,Avg_Win_1stWon,Avg_Win_2ndWon,Avg_Win_SvGms,Avg_Win_bpSaved,Avg_Win_bpFaced,Avg_Win_Minutes,Avg_Win_Total_Games,Win_1stServePct,Win_1stWonPct,Win_2ndWonPct,Win_bpSavePct,Avg_Opponent_Rank_Wins,Avg_Loss_ace,Avg_Loss_df,Avg_Loss_svpt,Avg_Loss_1stIn,Avg_Loss_1stWon,Avg_Loss_2ndWon,Avg_Loss_SvGms,Avg_Loss_bpSaved,Avg_Loss_bpFaced,Avg_Loss_Minutes,Avg_Loss_Total_Games,Loss_1stServePct,Loss_1stWonPct,Loss_2ndWonPct,Loss_bpSavePct,Avg_Opponent_Rank_Losses,Hand_R
100644,Alexander Zverev,16.3,198.0,1,5.666666666666667,2.7142857142857144,68.23809523809524,41.523809523809526,31.476190476190474,14.380952380952381,10.619047619047619,3.7142857142857144,5.095238095238095,98.38095238095238,22.45,0.6091700848180321,0.7682810334521694,0.5437584692589903,0.7298563869992443,167.47619047619048,4.533333333333333,3.7333333333333334,72.8,42.6,27.733333333333334,13.266666666666667,11.8,4.333333333333333,8.933333333333334,107.73333333333333,23.933333333333334,0.5840060471136035,0.6352020516261042,0.4347804512021802,0.44467291967291966,153.86666666666667,True
106234,Aslan Karatsev,18.8,185.0,1,4.524590163934426,3.1475409836065573,71.09836065573771,42.65573770491803,30.75409836065574,15.524590163934427,11.262295081967213,3.4918032786885247,5.327868852459017,95.18032786885246,22.57377049180328,0.5971824667913967,0.7306938482683724,0.553615408346303,0.6257395382395382,314.73333333333335,3.7868852459016393,4.098360655737705,72.8360655737705,43.90163934426229,29.016393442622952,12.573770491803279,11.19672131147541,4.180327868852459,8.065573770491802,98.68852459016394,23.29310344827586,0.600313648059712,0.6540034193380264,0.4204188485800724,0.49620054888859133,264.37704918032784,True
210097,Ben Shelton,18.7,193.0,1,7.704545454545454,3.0681818181818183,68.54545454545455,42.81818181818182,32.54545454545455,14.954545454545455,11.181818181818182,3.0681818181818183,4.204545454545454,94.11363636363636,22.547619047619047,0.624587383172192,0.7694675034135986,0.588292203044161,0.6856166191532045,323.2325581395349,6.2727272727272725,3.5454545454545454,70.54545454545455,43.63636363636363,30.363636363636363,13.181818181818182,11.363636363636363,3.5454545454545454,6.545454545454546,100.54545454545455,23.181818181818183,0.6140178209637042,0.6935600079295093,0.4799525224957529,0.521969696969697,257.72727272727275,False
111815,Cameron Norrie,18.4,188.0,1,3.6,3.090909090909091,65.50909090909092,40.472727272727276,28.87272727272727,13.836363636363636,10.545454545454545,3.1272727272727274,4.909090909090909,88.01818181818182,21.40740740740741,0.6205383332586317,0.7214843587806765,0.5707484271332147,0.601968005082192,357.75471698113205,4.961538461538462,3.6153846153846154,79.38461538461539,50.11538461538461,32.07692307692308,13.26923076923077,11.576923076923077,6.038461538461538,9.807692307692308,94.3076923076923,23.53846153846154,0.6280483124296699,0.638171723765802,0.4530743195752447,0.5865151690943545,248.73076923076923,False
207989,Carlos Alcaraz,15.9,183.0,1,0.9722222222222222,2.5555555555555554,79.47222222222223,55.0,35.388888888888886,13.63888888888889,11.86111111111111,4.944444444444445,7.555555555555555,112.58333333333333,23.97222222222222,0.6873118867006235,0.6593235752636861,0.5556338957534411,0.591400869464595,244.41666666666666,1.3636363636363635,2.272727272727273,78.72727272727273,52.54545454545455,29.545454545454547,12.727272727272727,12.272727272727273,4.7272727272727275,9.727272727272727,110.0909090909091,25.181818181818183,0.6598547538777824,0.5730674457396131,0.49227068866499146,0.42215799883264,203.9090909090909,True
134770,Casper Ruud,17.6,183.0,1,3.9833333333333334,2.566666666666667,67.71666666666667,43.6,32.38333333333333,13.566666666666666,11.116666666666667,2.9833333333333334,4.383333333333334,93.15,22.310344827586206,0.6455011034004566,0.752449900545401,0.5769452586405659,0.6479559884559883,296.864406779661,3.227272727272727,2.590909090909091,76.5,49.02272727272727,31.113636363636363,12.681818181818182,11.454545454545455,4.704545454545454,8.545454545454545,100.75,23.642857142857142,0.6385905043293421,0.6173914212355496,0.4493168653779391,0.5032022901341082,207.22727272727272,True
106421,Daniil Medvedev,19.8,198.0,1,6.409090909090909,2.4318181818181817,66.56818181818181,39.61363636363637,30.0,14.636363636363637,10.772727272727273,2.840909090909091,4.386363636363637,84.38636363636364,21.886363636363637,0.5966657431242127,0.7696753874773544,0.5560341976788159,0.6285982535982537,310.3953488372093,5.0588235294117645,4.176470588235294,78.88235294117646,45.76470588235294,32.294117647058826,13.882352941176471,11.705882352941176,5.294117647058823,8.764705882352942,94.23529411764706,23.647058823529413,0.5829384747256167,0.6950444126496365,0.4151538690763591,0.5578772534654888,168.2941176470588,True
133430,Denis Shapovalov,16.8,185.0,1,7.90625,3.9375,71.3125,41.40625,32.15625,17.34375,11.75,2.71875,3.90625,85.59375,24.2,0.5848679485613621,0.7870319723913611,0.5961970136293809,0.6621031746031747,260.6666666666667,5.944444444444445,6.055555555555555,71.11111111111111,38.27777777777778,27.055555555555557,15.333333333333334,10.88888888888889,4.055555555555555,7.222222222222222,84.11111111111111,22.333333333333332,0.5362166688428274,0.7007647650842258,0.4626091261189139,0.5563712522045855,227.16666666666666,False
106043,Diego Schwartzman,18.2,170.0,1,1.505050505050505,2.414141414141414,67.97979797979798,44.02020202020202,29.343434343434343,12.626262626262626,10.404040404040405,3.5757575757575757,6.040404040404041,93.64646464646465,21.31958762886598,0.6436408023104542,0.6873382693559688,0.5392921400900196,0.5782643676543563,271.0625,1.1475409836065573,3.8688524590163933,74.93442622950819,46.721311475409834,26.065573770491802,12.672131147540984,11.065573770491802,5.311475409836065,10.60655737704918,103.62295081967213,22.883333333333333,0.6159272378710712,0.5485976063586251,0.44746113861094333,0.4599556768128813,200.5737704918033,True
106233,Dominic Thiem,16.9,185.0,1,5.052631578947368,2.789473684210526,72.0,38.05263157894737,27.894736842105264,18.473684210526315,11.31578947368421,3.263157894736842,5.2105263157894735,102.47368421052632,23.11111111111111,0.5361231404664926,0.7513510836802203,0.555740519414109,0.5096190230478156,294.1578947368421,2.909090909090909,3.272727272727273,64.0909090909091,35.27272727272727,21.545454545454547,14.272727272727273,10.545454545454545,3.272727272727273,7.2727272727272725,86.9090909090909,21.272727272727273,0.5382700664376944,0.617665373939252,0.512331529722834,0.3963480963480963,147.9090909090909,True
200000,Felix Auger Aliassime,15.6,193.0,1,5.535714285714286,3.75,71.78571428571429,45.339285714285715,34.357142857142854,13.178571428571429,11.25,3.8035714285714284,5.392857142857143,100.42857142857143,22.672727272727272,0.6323239537243376,0.7656019169062974,0.5079861186621324,0.6352480308362661,315.0,5.4375,4.34375,71.4375,42.59375,28.1875,12.65625,10.90625,4.21875,8.03125,96.84375,22.4,0.5918092333553808,0.6544656393136403,0.42129288874384896,0.4689484126984127,257.09375,True
126207,Frances Tiafoe,17.2,188.0,1,4.91358024691358,2.1728395061728394,75.38271604938272,46.95061728395062,34.28395061728395,15.17283950617284,11.765432098765432,3.8641975308641974,5.654320987654321,95.81481481481481,23.901234567901234,0.621458610413161,0.7390367991629326,0.5423009851421953,0.6643973063973063,264.5061728395062,5.4,2.7,83.7,52.1,34.53333333333333,15.333333333333334,12.466666666666667,4.666666666666667,7.933333333333334,106.1,26.586206896551722,0.6273630850155786,0.6528000411524995,0.48023920053306157,0.552766582076927,203.66666666666666,True
105777,Grigor Dimitrov,18.6,191.0,1,7.351351351351352,2.4864864864864864,73.08108108108108,44.945945945945944,34.75675675675676,15.486486486486486,11.54054054054054,3.7837837837837838,5.0,94.83783783783784,23.166666666666668,0.6163212981599158,0.7853179149758287,0.5553149294069557,0.733929153283992,197.40540540540542,7.0,4.214285714285714,79.64285714285714,47.214285714285715,34.0,16.0,12.0,3.7142857142857144,6.285714285714286,100.07142857142857,24.857142857142858,0.5954678344230192,0.7156044595868819,0.4901890188737844,0.557563025210084,193.71428571428572,True
128034,Hubert Hurkacz,18.0,196.0,1,6.552083333333333,3.5625,69.44791666666667,43.65625,33.416666666666664,13.40625,11.020833333333334,3.1354166666666665,4.489583333333333,88.32291666666667,22.533333333333335,0.632177549723653,0.7783028756584969,0.5353455320891185,0.6919928469426317,425.6923076923077,5.916666666666667,5.083333333333333,81.14583333333333,52.625,35.291666666666664,12.125,12.041666666666666,4.854166666666667,8.4375,98.5625,25.02173913043478,0.6411425131080369,0.6567815986909029,0.42374540317983755,0.525351813756419,207.4375,True
111202,Hyeon Chung,16.4,188.0,1,4.025316455696203,1.8987341772151898,62.075949367088604,39.9873417721519,29.72151898734177,12.49367088607595,10.278481012658228,2.4430379746835444,3.7848101265822787,89.69620253164557,21.25974025974026,0.6440139687067097,0.7605455149117496,0.5798468957075095,0.6135296295744057,306.53846153846155,2.642857142857143,3.107142857142857,75.96428571428571,46.25,28.678571428571427,12.964285714285714,11.107142857142858,5.678571428571429,10.214285714285714,101.92857142857143,22.555555555555557,0.603007431084265,0.6065040646425616,0.4353838080991701,0.5138317797981664,190.10714285714286,True
207733,Jack Draper,16.4,193.0,1,8.464285714285714,3.5,65.82142857142857,39.267857142857146,30.714285714285715,13.732142857142858,10.821428571428571,3.4107142857142856,4.982142857142857,95.07142857142857,21.854545454545455,0.5987426811923431,0.7943209398013479,0.5336377986275591,0.6883507789080543,279.8,6.964285714285714,4.25,72.92857142857143,42.75,30.821428571428573,13.142857142857142,11.214285714285714,4.571428571428571,7.75,99.53571428571429,23.51851851851852,0.5792123620746921,0.7122695859925444,0.427642614966994,0.5508632998654007,239.21428571428572,False
206173,Jannik Sinner,16.8,191.0,1,5.833333333333333,2.2666666666666666,70.93333333333334,40.46666666666667,30.5,16.6,11.2,3.4,5.2,95.13333333333334,22.7,0.567260548586663,0.7625675601258579,0.5528074070473432,0.6567313345091123,273.0,4.666666666666667,3.4,77.2,43.8,28.666666666666668,15.2,12.133333333333333,4.133333333333334,8.666666666666666,103.8,24.8,0.5621837193800168,0.6347944772608859,0.44519443947092685,0.4401302401302401,248.92857142857142,True
105668,Jerzy Janowicz,19.5,203.0,1,8.712121212121213,2.6515151515151514,69.33333333333333,44.18181818181818,35.40909090909091,14.469696969696969,11.621212121212121,2.227272727272727,3.212121212121212,94.89393939393939,23.615384615384617,0.6410566024702432,0.8118503005556833,0.5898794791960954,0.642498556998557,244.93939393939394,6.942857142857143,3.742857142857143,80.57142857142857,50.77142857142857,36.0,13.82857142857143,12.17142857142857,4.628571428571429,7.6571428571428575,111.37142857142857,25.37142857142857,0.62638335439279,0.7058858849527817,0.45734213745852564,0.5657170140783586,160.11428571428573,True
111575,Karen Khachanov,17.4,198.0,1,7.205882352941177,2.5588235294117645,67.20588235294117,37.705882352941174,29.470588235294116,16.147058823529413,10.705882352941176,2.9411764705882355,4.147058823529412,86.26470588235294,22.09090909090909,0.5632444891060452,0.7948582741134469,0.5506704043716839,0.7068042129132355,307.79411764705884,5.32,3.6,73.0,40.56,27.96,15.44,11.12,4.36,7.6,92.16,22.76,0.5570748905854228,0.6837505568357893,0.471411735853826,0.4664787434787435,205.08,True
105453,Kei Nishikori,20.2,178.0,1,2.5555555555555554,2.0,64.74074074074075,40.074074074074076,29.51851851851852,14.037037037037036,10.481481481481481,2.2222222222222223,3.4814814814814814,88.11111111111111,21.0,0.6234564256866127,0.737942059298721,0.5751258174518289,0.573318216175359,235.5,2.0,2.25,57.25,33.75,22.0,10.5,9.25,4.0,7.25,78.25,19.0,0.5928538648476693,0.6507167260843731,0.4385514739929001,0.5446428571428572,327.0,True
104731,Kevin Anderson,23.6,203.0,1,8.333333333333334,1.9166666666666667,75.16666666666667,52.25,38.75,13.166666666666666,12.166666666666666,2.8333333333333335,4.25,108.58333333333333,24.0,0.6946669617036915,0.7534636371324147,0.5860692403386901,0.7174825174825175,209.16666666666666,9.5,3.0,78.75,52.5,37.5,12.75,12.75,5.25,8.0,111.0,25.25,0.6609753142251755,0.713490675990676,0.48584260289210235,0.625,219.0,True
106378,Kyle Edmund,17.4,188.0,1,3.963636363636364,1.8545454545454545,62.70909090909091,38.61818181818182,28.381818181818183,14.072727272727272,10.381818181818181,2.5636363636363635,3.890909090909091,83.56363636363636,20.563636363636363,0.6149465989058404,0.7511579932486525,0.5965950531170966,0.5992683531746033,271.74545454545455,2.25,2.4642857142857144,73.17857142857143,44.92857142857143,28.857142857142858,13.107142857142858,11.464285714285714,4.142857142857143,7.821428571428571,97.60714285714286,23.444444444444443,0.6155748599944246,0.6324118541293658,0.4585085251854558,0.4834029066171924,194.10714285714286,True
207518,Lorenzo Musetti,16.9,185.0,1,3.4444444444444446,1.962962962962963,65.9074074074074,42.074074074074076,29.814814814814813,13.38888888888889,10.222222222222221,3.8703703703703702,5.388888888888889,93.48148148148148,20.82,0.6399602197578025,0.7227090931045199,0.5757312022462324,0.7171842863019333,241.44230769230768,2.264705882352941,2.6176470588235294,71.23529411764706,44.76470588235294,27.441176470588236,12.529411764705882,10.970588235294118,4.0588235294117645,8.117647058823529,94.6470588235294,22.272727272727273,0.6251804484432232,0.6083616700236419,0.46591161395784597,0.4327881365078597,217.58823529411765,True
106298,Lucas Pouille,18.8,185.0,1,3.9,3.28,70.74,40.88,29.52,16.54,11.28,3.74,5.66,93.48,23.1875,0.5772972111336542,0.7302918037284389,0.5743198171907324,0.6302450182352143,274.88,4.277777777777778,3.5277777777777777,76.11111111111111,43.638888888888886,28.11111111111111,15.0,11.472222222222221,4.916666666666667,8.972222222222221,95.25,23.38888888888889,0.573643643796225,0.6348539667253824,0.4531448791053315,0.49667365586483236,182.02777777777777,True
106065,Marco Cecchinato,17.9,185.0,1,3.75,2.4210526315789473,67.85526315789474,43.61842105263158,31.355263157894736,13.289473684210526,10.710526315789474,3.3552631578947367,4.921052631578948,88.88157894736842,21.643835616438356,0.6437099060276367,0.7298621886297646,0.5625796279414947,0.6695231998048898,289.10526315789474,3.175438596491228,3.3859649122807016,69.75438596491227,44.49122807017544,27.87719298245614,11.824561403508772,10.68421052631579,4.175438596491228,7.947368421052632,90.80701754385964,22.09259259259259,0.634450780470456,0.623771601396021,0.46000347196178537,0.4659442123064414,213.3684210526316,True
126610,Matteo Berrettini,18.5,196.0,1,7.483333333333333,1.55,69.53333333333333,42.583333333333336,33.766666666666666,15.916666666666666,11.35,2.9166666666666665,3.6333333333333333,94.63333333333334,23.338983050847457,0.6146981827984153,0.7983119617135898,0.5971882814616977,0.7950442878634367,253.16949152542372,7.0,2.3461538461538463,79.15384615384616,47.11538461538461,34.07692307692308,16.23076923076923,12.461538461538462,3.5,6.346153846153846,104.53846153846153,26.0,0.5938117189499834,0.7184614113758201,0.5039926709582147,0.46602713525790446,205.76923076923077,True
105683,Milos Raonic,19.2,196.0,1,10.727272727272727,2.727272727272727,61.0,36.36363636363637,30.09090909090909,14.0,10.090909090909092,1.8181818181818181,2.4545454545454546,71.27272727272727,20.545454545454547,0.5929551160878582,0.8436837291457706,0.5854345459608618,0.7314814814814815,327.72727272727275,8.6,3.2,73.3,44.2,32.6,13.7,11.6,3.5,6.1,84.8,27.375,0.5887774849632711,0.735610113482766,0.4759798509542958,0.5647222222222222,183.2,True
106401,Nick Kyrgios,17.7,193.0,1,8.76923076923077,2.6538461538461537,66.88461538461539,42.88461538461539,33.92307692307692,13.807692307692308,11.307692307692308,2.269230769230769,3.423076923076923,82.6923076923077,22.884615384615383,0.6382888027038442,0.8057499047816898,0.5787668514835655,0.5198949755340733,247.6153846153846,3.2,2.2,64.2,41.8,26.2,10.4,10.4,4.0,8.0,72.0,21.2,0.6495088967391525,0.6078023936847465,0.4605349028272242,0.4924242424242424,309.2,True
105807,Pablo Carreno Busta,18.6,188.0,1,3.54320987654321,1.876543209876543,69.5679012345679,41.617283950617285,30.012345679012345,15.0,10.975308641975309,3.271604938271605,5.283950617283951,100.37037037037037,22.649350649350648,0.6017089034556568,0.7338591598631734,0.5513425767271097,0.5902381322381323,271.8888888888889,2.5789473684210527,2.4473684210526314,72.76315789473684,41.0,26.63157894736842,14.394736842105264,10.973684210526315,5.473684210526316,9.5,103.15789473684211,22.64864864864865,0.5625704540857089,0.6494330169574575,0.4445591945786387,0.5133952659962925,189.1315789473684,True
105138,Roberto Bautista Agut,21.8,183.0,1,3.0338983050847457,1.694915254237288,71.32203389830508,46.23728813559322,33.6271186440678,14.64406779661017,11.508474576271187,3.0,4.491525423728813,104.28813559322033,23.43103448275862,0.645311846887985,0.7407404273895595,0.5942731953760251,0.6327180680954265,218.03508771929825,2.0232558139534884,2.558139534883721,78.48837209302326,48.906976744186046,30.906976744186046,14.209302325581396,11.744186046511627,4.813953488372093,8.604651162790697,114.65116279069767,23.804878048780488,0.6250909282808468,0.6274833053703145,0.4748469535239257,0.5054928598533249,170.02325581395348,True
105023,Sam Querrey,23.9,198.0,1,10.1,2.2,73.6,44.9,34.9,16.7,11.4,3.8,4.4,84.2,22.9,0.6061135272871592,0.7906075674109599,0.5805306492459211,0.849047619047619,287.2,9.666666666666666,2.6666666666666665,91.66666666666667,57.333333333333336,47.0,17.333333333333332,15.333333333333334,2.3333333333333335,4.666666666666667,145.0,31.666666666666668,0.6256979210123766,0.8192993108149853,0.5033752646655872,0.4777777777777778,231.66666666666666,True
126774,Stefanos Tsitsipas,16.4,193.0,1,7.65,2.2,73.725,44.025,34.325,17.325,11.825,2.85,3.975,97.7,24.56756756756757,0.5990511504579012,0.7844884825370065,0.5936479918064685,0.7069245345196903,309.94871794871796,6.777777777777778,2.6666666666666665,74.14814814814815,44.22222222222222,31.185185185185187,13.777777777777779,11.444444444444445,3.6666666666666665,6.814814814814815,94.62962962962963,23.444444444444443,0.5948431475452028,0.6923608504340054,0.45119277711420874,0.5065055315055315,255.4814814814815,True
126203,Taylor Fritz,18.1,196.0,1,7.886792452830188,2.0754716981132075,67.71698113207547,40.301886792452834,31.77358490566038,15.075471698113208,11.018867924528301,2.6226415094339623,3.7735849056603774,83.45283018867924,22.28846153846154,0.5959804506060896,0.7992899504756513,0.5627933016093102,0.6447863373999737,283.20754716981133,8.1,3.05,82.6,48.05,35.45,15.9,12.4,5.05,7.8,99.35,25.55,0.579813454694636,0.7359219869238729,0.46758225283510946,0.583141095016095,188.35,True
126205,Tommy Paul,17.9,185.0,1,4.540229885057471,2.425287356321839,69.91954022988506,40.55172413793103,29.804597701149426,16.264367816091955,10.931034482758621,3.0,4.620689655172414,89.34482758620689,22.714285714285715,0.585205865844403,0.7493921837939717,0.5775273663967738,0.6322613424587108,344.81176470588235,3.66,2.92,72.38,42.78,27.7,14.06,11.04,3.76,7.4,89.84,23.21276595744681,0.5851582080473352,0.6408571782513487,0.4649892302338446,0.43985324616903554,246.1,True
202058,Thiago Agustin Tirante,15.9,185.0,0,4.675438596491228,2.2017543859649122,67.71052631578948,44.43859649122807,33.00877192982456,12.982456140350877,10.824561403508772,2.8508771929824563,4.157894736842105,100.83333333333333,22.072727272727274,0.6593247497337335,0.754641928328435,0.5674516950279764,0.6538148439663591,354.88392857142856,4.154761904761905,2.7976190476190474,76.46428571428571,49.61904761904762,31.726190476190474,12.523809523809524,11.738095238095237,4.154761904761905,7.964285714285714,115.5952380952381,24.395061728395063,0.6501624902585371,0.6314181239928266,0.45419205886048664,0.4523894668590046,285.1904761904762,True
105877,Emilio Gomez,18.1,185.0,0,3.7777777777777777,3.2962962962962963,77.25925925925925,45.370370370370374,31.88888888888889,17.962962962962962,11.851851851851851,3.925925925925926,5.925925925925926,103.33333333333333,23.703703703703702,0.585344732003935,0.7242313386627695,0.5682560581003641,0.6670350482850483,382.38461538461536,2.6875,3.3125,69.8125,39.1875,24.6875,14.15625,10.53125,4.375,8.34375,95.6875,21.3125,0.56336852964555,0.625989496687186,0.44996340611118035,0.4534699675324675,252.0625,True
104970,Matteo Viola,22.7,188.0,0,0.9230769230769231,2.3076923076923075,73.0,54.42307692307692,35.65384615384615,9.653846153846153,11.423076923076923,4.115384615384615,6.615384615384615,104.76923076923077,23.2,0.7435302734300356,0.6648406249870321,0.5263383403959944,0.5895464625244037,335.65384615384613,0.5666666666666667,4.4,77.2,54.36666666666667,31.366666666666667,9.066666666666666,11.5,5.033333333333333,10.066666666666666,111.73333333333333,23.066666666666666,0.7004458069007102,0.5727777433834439,0.4020963941596749,0.4736925683249213,188.3,True
208882,Roman Andres Burruchaga,17.6,183.0,0,1.696078431372549,3.519607843137255,72.41176470588235,45.1078431372549,30.529411764705884,13.637254901960784,11.058823529411764,4.117647058823529,6.794117647058823,115.16666666666667,22.927083333333332,0.620007465311688,0.6871393436339872,0.5105547807747758,0.6005089651620751,385.44,0.8783783783783784,4.5,72.28378378378379,44.472972972972975,26.054054054054053,11.945945945945946,10.891891891891891,4.716216216216216,9.54054054054054,111.72972972972973,22.309859154929576,0.6140444163188596,0.5784123771958232,0.4186285357000774,0.4498689561189561,287.14864864864865,True
106283,Mitchell Krueger,18.5,188.0,0,4.890909090909091,2.7454545454545456,71.87272727272727,44.38181818181818,32.43636363636364,14.50909090909091,11.181818181818182,4.418181818181818,6.218181818181818,98.21818181818182,22.67924528301887,0.6146821470926078,0.7373901359390299,0.5368893587960678,0.6695920241374786,310.2641509433962,3.081081081081081,2.6216216216216215,72.33783783783784,43.945945945945944,27.783783783783782,13.283783783783784,10.95945945945946,4.77027027027027,8.5,100.63513513513513,22.635135135135137,0.6069238128970698,0.6216273041158007,0.45479196299777,0.50860308555742,223.68493150684932,True
106348,Evgeny Karlovskiy,17.9,191.0,0,6.298245614035087,2.56140350877193,62.824561403508774,40.96491228070175,31.087719298245613,11.508771929824562,10.157894736842104,3.3684210526315788,4.7368421052631575,82.15789473684211,20.482142857142858,0.6496769747470753,0.7735283188935262,0.547303921810147,0.6485741526047648,641.7857142857143,5.409090909090909,3.75,74.29545454545455,47.43181818181818,32.02272727272727,11.5,11.181818181818182,4.818181818181818,8.340909090909092,97.0,23.428571428571427,0.6372292989170477,0.6714137575996288,0.41811212473037074,0.5449470668220667,345.20454545454544,True
106148,Roberto Carballes Baena,18.4,183.0,0,2.59375,2.40625,65.640625,41.984375,29.390625,12.703125,10.3125,3.359375,5.359375,98.859375,21.655172413793103,0.6452987842868296,0.7174869309594312,0.5484530055966086,0.6465348978506873,319.890625,2.292307692307692,3.276923076923077,80.96923076923076,49.292307692307695,30.76923076923077,14.446153846153846,12.169230769230769,5.123076923076923,9.415384615384616,116.81538461538462,24.84375,0.6025924913088275,0.6245849437698462,0.4524045427554614,0.48445543646901107,206.98461538461538,True
105678,Axel Michon,19.2,176.0,0,2.0689655172413794,1.7586206896551724,74.93103448275862,49.13793103448276,33.48275862068966,13.586206896551724,11.310344827586206,4.172413793103448,6.517241379310345,114.10344827586206,22.96551724137931,0.6679946693148299,0.6889282495299045,0.5306259271740733,0.5778101940880845,265.41379310344826,1.1666666666666667,2.685185185185185,71.31481481481481,45.53703703703704,26.37037037037037,11.555555555555555,10.38888888888889,4.666666666666667,9.185185185185185,101.74074074074075,21.576923076923077,0.6399489237007422,0.5720920786466487,0.4452391887542586,0.44902828199396827,227.75925925925927,False
206703,Paul Jubb,19.5,180.0,0,4.148148148148148,2.5185185185185186,72.55555555555556,44.074074074074076,33.22222222222222,16.51851851851852,11.518518518518519,2.5925925925925926,3.8518518518518516,104.11111111111111,23.14814814814815,0.6072650725540247,0.7621285180858476,0.5881162180005132,0.659483225108225,446.7037037037037,3.24,4.32,80.28,49.8,32.6,14.44,11.88,4.76,8.32,111.16,25.956521739130434,0.6183507253428274,0.6332736138019509,0.4581266482706978,0.54135776641659,242.84,True
105649,Cedrik Marcel Stebe,19.2,183.0,0,3.3793103448275863,2.4655172413793105,66.27586206896552,42.39655172413793,30.0,13.155172413793103,10.655172413793103,3.2241379310344827,5.258620689655173,97.17241379310344,21.285714285714285,0.6432638872252394,0.7214912830155369,0.5573244442904081,0.5741080801044952,293.35087719298247,3.121212121212121,3.909090909090909,75.6969696969697,45.36363636363637,28.636363636363637,13.727272727272727,11.181818181818182,5.515151515151516,9.666666666666666,102.60606060606061,23.225806451612904,0.6024733058615153,0.6182811818139183,0.43654416887377867,0.5070165524710979,192.33333333333334,False
207799,Matheus Pucinelli De Almeida,17.5,183.0,0,2.3258426966292136,1.5730337078651686,66.04494382022472,43.70786516853933,30.84269662921348,12.415730337078651,10.426966292134832,3.146067415730337,4.853932584269663,108.04494382022472,21.11764705882353,0.6632320790939538,0.7151267078636605,0.5625894488449167,0.6147704808419094,384.17977528089887,1.7272727272727273,2.6931818181818183,75.73863636363636,50.45454545454545,30.65909090909091,11.488636363636363,11.306818181818182,4.568181818181818,8.806818181818182,119.44318181818181,23.352941176470587,0.6662965542803158,0.6031750279948577,0.45283000295816417,0.46120558070318834,252.9318181818182,True
210377,Luciano Emanuel Ambrogi,19.1,188.0,0,2.037037037037037,1.8148148148148149,70.37037037037037,48.74074074074074,33.888888888888886,11.88888888888889,10.962962962962964,3.5555555555555554,5.444444444444445,112.48148148148148,22.192307692307693,0.6995621480324119,0.7122605711381399,0.6022545995246823,0.6890322396901344,565.4166666666666,1.8333333333333333,2.2083333333333335,72.91666666666667,48.5,28.791666666666668,9.625,10.875,5.125,9.833333333333334,109.91666666666667,21.958333333333332,0.659290324839223,0.5849916428848517,0.3828765834878505,0.5019915391625918,348.39130434782606,True
210220,Edas Butvilas,18.2,191.0,0,5.296296296296297,2.4444444444444446,75.03703703703704,45.81481481481482,34.44444444444444,16.074074074074073,11.777777777777779,4.074074074074074,5.666666666666667,105.11111111111111,23.46153846153846,0.6080477257752798,0.7571104580853549,0.5514331361874452,0.7342191758858425,386.1111111111111,5.375,3.25,86.79166666666667,51.625,36.5,16.125,13.125,4.875,8.25,117.91666666666667,26.791666666666668,0.5919959732023848,0.7030686965815537,0.45394837112053016,0.5384736212861213,315.8333333333333,True
200711,Nicolas Mejia,16.1,183.0,0,4.197368421052632,2.3947368421052633,71.05263157894737,45.0,32.53947368421053,14.223684210526315,11.157894736842104,3.4473684210526314,5.131578947368421,115.48684210526316,22.783783783783782,0.6338807580843596,0.7336439679582881,0.5643272842230254,0.6610316766566766,424.31081081081084,3.0434782608695654,2.510869565217391,74.65217391304348,46.83695652173913,29.369565217391305,12.91304347826087,11.195652173913043,4.956521739130435,8.83695652173913,115.82608695652173,22.717391304347824,0.6280790429342729,0.6240745389779673,0.4591839896058949,0.5250574502794979,325.3369565217391,True
105065,Tim Smyczek,22.0,175.0,0,2.9285714285714284,1.7142857142857142,61.035714285714285,39.5,29.214285714285715,12.607142857142858,10.428571428571429,2.3214285714285716,3.7142857142857144,86.67857142857143,21.37037037037037,0.650046894872461,0.7503308105682116,0.5908935299259305,0.6447649572649573,395.2142857142857,2.56,2.6,75.04,45.48,27.76,13.4,11.4,4.36,8.68,99.2,24.0,0.6067778527307627,0.5956123012833379,0.431763974229701,0.48745898545898547,213.72,True
206909,Brandon Nakashima,15.1,188.0,0,6.5978260869565215,1.826086956521739,67.26086956521739,42.82608695652174,33.16304347826087,13.880434782608695,10.945652173913043,2.7065217391304346,3.619565217391304,94.73913043478261,21.967032967032967,0.6398260461312453,0.7797367468406164,0.5858925867986899,0.7091399341399341,227.8,4.675,2.375,80.475,49.725,33.5,14.575,12.2,4.5,8.15,108.85,25.0,0.6182520025101128,0.6684731376966593,0.47118241666361965,0.4941218156843156,200.6,True
126952,Soon Woo Kwon,17.4,180.0,0,4.580357142857143,2.9642857142857144,66.50892857142857,37.598214285714285,27.732142857142858,16.142857142857142,10.5625,3.4017857142857144,5.133928571428571,88.86607142857143,21.453703703703702,0.5664328680731028,0.7510756239456226,0.5713784968281719,0.6325288815234198,326.48148148148147,3.923076923076923,3.830769230769231,75.52307692307693,43.323076923076925,28.26153846153846,15.36923076923077,11.36923076923077,4.461538461538462,8.23076923076923,98.84615384615384,23.5625,0.5726014664835324,0.6435191220755433,0.47344419258758336,0.48053563957410117,249.296875,True
105936,Filip Krajinovic,17.8,185.0,0,5.421875,1.75,71.890625,43.21875,31.453125,15.140625,11.25,3.6875,5.671875,95.6875,23.524590163934427,0.6069591575488075,0.741323800054945,0.5417785848602249,0.6107502556156594,303.46875,3.392156862745098,1.8627450980392157,73.80392156862744,44.13725490196079,28.784313725490197,13.509803921568627,11.235294117647058,4.549019607843137,8.27450980392157,98.96078431372548,23.836734693877553,0.5959418140738449,0.6457409200850475,0.44004950571934953,0.49829952182893356,205.37254901960785,True
105137,Pere Riba,21.7,183.0,0,5.629032258064516,1.6774193548387097,65.11290322580645,37.75806451612903,28.758064516129032,15.17741935483871,10.596774193548388,3.274193548387097,4.774193548387097,97.12903225806451,21.661016949152543,0.5800601721647716,0.7725285326943244,0.5652245165606079,0.6927225795646847,263.33870967741933,3.8076923076923075,3.1538461538461537,73.07692307692308,40.73076923076923,26.192307692307693,13.538461538461538,11.153846153846153,4.153846153846154,8.538461538461538,137.76923076923077,22.333333333333332,0.5567847232233333,0.6392320322646279,0.40551112354402047,0.4416431858739551,158.19230769230768,True
105385,Donald Young,20.4,183.0,0,2.413793103448276,3.5,68.5,44.672413793103445,31.137931034482758,12.879310344827585,10.551724137931034,4.172413793103448,6.017241379310345,87.32758620689656,21.464285714285715,0.6506622144139841,0.7095450056272425,0.5521356187269727,0.6033390272828775,300.6607142857143,1.6,4.066666666666666,68.76666666666667,44.03333333333333,28.133333333333333,10.133333333333333,10.166666666666666,4.866666666666666,8.733333333333333,88.26666666666667,21.428571428571427,0.6353303389172472,0.6313683714782203,0.40455496264604923,0.4852809227809228,211.9,False
105815,Tennys Sandgren,20.0,188.0,0,5.219512195121951,1.9024390243902438,68.34146341463415,40.926829268292686,30.902439024390244,15.097560975609756,10.560975609756097,3.4390243902439024,4.7560975609756095,92.8048780487805,21.475,0.5968351926995621,0.7637430311041731,0.5609380632156717,0.6559905174190888,274.375,4.326086956521739,2.8043478260869565,78.06521739130434,46.869565217391305,31.043478260869566,13.369565217391305,11.673913043478262,4.804347826086956,8.847826086956522,103.6304347826087,23.82608695652174,0.6005717679704611,0.6578391236848297,0.42026037005824746,0.4877874540918019,226.17391304347825,True
105841,Lorenzo Giustino,20.9,180.0,0,3.56,2.68,69.2,37.76,27.52,16.08,10.84,3.32,5.64,100.92,22.166666666666668,0.5407438925237571,0.7250703392806068,0.5161875310217853,0.588920634920635,240.4,3.6551724137931036,3.3448275862068964,76.62068965517241,43.55172413793103,27.448275862068964,15.620689655172415,11.448275862068966,4.724137931034483,8.89655172413793,107.86206896551724,23.275862068965516,0.5680662182232651,0.6217765122099883,0.4628931686843854,0.4871920225368501,198.24137931034483,True
126283,Yunseong Chung,18.0,178.0,0,4.010989010989011,2.076923076923077,64.26373626373626,38.362637362637365,28.857142857142858,14.912087912087912,10.32967032967033,2.659340659340659,3.901098901098901,83.07692307692308,21.436781609195403,0.5969933928098617,0.7652176628893389,0.5899944639630077,0.6669690128992454,537.390243902439,3.506666666666667,2.6933333333333334,72.92,43.666666666666664,27.773333333333333,13.56,11.053333333333333,4.453333333333333,8.346666666666666,94.08,23.028169014084508,0.5923182850817017,0.6400759340900928,0.452935064323538,0.4876826328126637,316.56756756756755,True
202320,Beibit Zhukayev,16.1,198.0,0,10.835820895522389,3.701492537313433,74.0,44.73134328358209,36.223880597014926,16.119402985074625,11.73134328358209,2.985074626865672,3.8059701492537314,104.98507462686567,23.863636363636363,0.606317827457815,0.8122676440219089,0.5671838983069518,0.759164862914863,466.33846153846156,9.411764705882353,5.044117647058823,79.23529411764706,45.19117647058823,32.455882352941174,15.014705882352942,11.735294117647058,4.867647058823529,8.058823529411764,105.38235294117646,24.257575757575758,0.568478814453985,0.70661673323622,0.4342280560017735,0.5715401188584579,323.02985074626866,True
105332,Benoit Paire,20.8,196.0,0,7.344827586206897,3.8793103448275863,74.3103448275862,40.327586206896555,30.224137931034484,17.482758620689655,11.46551724137931,3.293103448275862,5.310344827586207,110.39655172413794,23.444444444444443,0.5504655187502098,0.7603443100171097,0.5301278292246339,0.6153098444765112,278.3103448275862,5.25,3.888888888888889,79.86111111111111,43.5,28.52777777777778,15.5,11.694444444444445,4.777777777777778,8.972222222222221,102.05555555555556,24.0,0.5412191014406383,0.651656450761235,0.41721509221180275,0.46930927188280136,193.33333333333334,True
202183,Gabriel Decamps,16.6,193.0,0,3.742857142857143,4.428571428571429,70.51428571428572,42.22857142857143,31.17142857142857,14.514285714285714,10.914285714285715,3.5428571428571427,5.257142857142857,107.74285714285715,22.294117647058822,0.595285549987277,0.7528181798018311,0.5270047910966151,0.6533502037178508,498.54285714285714,2.861111111111111,5.055555555555555,66.77777777777777,39.416666666666664,24.583333333333332,12.277777777777779,10.027777777777779,4.277777777777778,8.11111111111111,94.08333333333333,20.88235294117647,0.5844574331736466,0.5952146210271164,0.43257067324036325,0.4789949248282582,325.6666666666667,True
105952,Renzo Olivo,19.4,178.0,0,3.1186440677966103,4.288135593220339,82.2542372881356,50.389830508474574,34.932203389830505,16.949152542372882,12.491525423728813,4.389830508474576,6.983050847457627,115.44067796610169,25.389830508474578,0.6161434958699827,0.7018747613269256,0.5436389891922782,0.6095161170528817,337.2758620689655,1.9545454545454546,4.424242424242424,67.31818181818181,39.25757575757576,24.181818181818183,11.909090909090908,10.272727272727273,4.0606060606060606,8.242424242424242,94.66666666666667,21.322580645161292,0.5837901880625933,0.6016364834066369,0.41707450759167686,0.45785763058490336,196.21212121212122,True
207925,Flavio Cobolli,16.9,183.0,0,3.5257731958762886,2.7216494845360826,72.4639175257732,39.24742268041237,27.63917525773196,17.63917525773196,11.175257731958762,3.917525773195876,6.329896907216495,106.04123711340206,23.225806451612904,0.5451281269052389,0.7122779205743884,0.5417125226010858,0.5862481168879792,295.41237113402065,3.013333333333333,3.5866666666666664,72.64,39.2,24.8,14.56,10.746666666666666,4.6,8.92,100.76,22.08,0.5398269511508893,0.6352717436725552,0.42552558123019113,0.4615675314251164,218.77027027027026,True
200075,Yshai Oliel,17.2,188.0,0,3.9310344827586206,2.1724137931034484,67.17241379310344,42.44827586206897,31.310344827586206,13.758620689655173,10.758620689655173,3.3793103448275863,4.793103448275862,105.51724137931035,21.82758620689655,0.6286848497541658,0.7426901695399133,0.567220653641733,0.6602748074970298,568.6923076923077,2.72972972972973,2.189189189189189,70.32432432432432,44.027027027027025,27.83783783783784,12.027027027027026,10.864864864864865,4.837837837837838,8.64864864864865,106.45945945945945,22.08108108108108,0.6213333585514673,0.6321740977908373,0.45297719996085045,0.5023907023907024,364.13513513513516,False
202262,Filip Cristian Jianu,17.9,180.0,0,2.8214285714285716,1.6785714285714286,67.75,43.416666666666664,29.821428571428573,13.571428571428571,10.607142857142858,3.880952380952381,5.773809523809524,99.69047619047619,21.9375,0.6449201415244284,0.6965537718376206,0.5627544094964518,0.623910030028451,453.975,2.0,1.9081632653061225,73.08163265306122,45.826530612244895,27.693877551020407,12.959183673469388,11.081632653061224,4.3061224489795915,8.5,106.81632653061224,23.155555555555555,0.6256367510698589,0.6033266825326444,0.4684496606491718,0.47014615203390714,309.87628865979383,True
209226,Adolfo Daniel Vallejo,18.3,183.0,0,2.057142857142857,2.8857142857142857,65.65714285714286,41.25714285714286,28.6,13.228571428571428,10.17142857142857,3.657142857142857,5.6571428571428575,103.4,20.147058823529413,0.6294426157445483,0.7109099452705367,0.5628251930141696,0.6609179449023199,435.61764705882354,1.2820512820512822,3.41025641025641,71.82051282051282,44.717948717948715,25.23076923076923,12.282051282051283,10.871794871794872,4.384615384615385,9.153846153846153,115.43589743589743,22.08108108108108,0.623077682202921,0.5648441843406334,0.44540514734613496,0.44876176278891206,297.0,True
111515,Thai Son Kwiatkowski,19.9,188.0,0,6.684210526315789,2.6842105263157894,67.26315789473684,41.60526315789474,31.42105263157895,14.157894736842104,10.973684210526315,2.973684210526316,4.421052631578948,89.89473684210526,22.594594594594593,0.6148419785885141,0.7706502271702895,0.5681283807681883,0.630651619622208,448.55263157894734,5.0,4.25,77.5,45.75,31.178571428571427,14.5,12.107142857142858,4.25,8.071428571428571,98.60714285714286,24.892857142857142,0.5859714003824082,0.6770035158150797,0.45216431014404795,0.49103869381647164,363.2142857142857,True
109054,Daniel Masur,16.7,183.0,0,5.0,3.3278688524590163,65.24590163934427,40.85245901639344,30.9672131147541,13.065573770491802,10.573770491803279,3.377049180327869,4.770491803278689,85.78688524590164,21.389830508474578,0.638024552963126,0.7713050569213289,0.5607285964429172,0.6291105121293801,455.3965517241379,3.4150943396226414,4.0,71.11320754716981,44.62264150943396,29.433962264150942,11.018867924528301,10.867924528301886,4.264150943396227,8.132075471698114,88.66037735849056,22.037735849056602,0.6307624741560787,0.6501895780216537,0.4119540333076667,0.4705486075769095,244.0566037735849,True
200670,J J Wolf,17.7,183.0,0,8.258823529411766,3.0823529411764707,67.51764705882353,39.1764705882353,30.858823529411765,15.494117647058824,10.776470588235295,2.8705882352941177,3.9647058823529413,91.85882352941177,21.566265060240966,0.5799595134839245,0.7996878335792381,0.5603446004779714,0.6776716920341829,325.2439024390244,6.648648648648648,3.7837837837837838,74.37837837837837,42.54054054054054,28.83783783783784,14.837837837837839,11.54054054054054,4.27027027027027,7.864864864864865,99.16216216216216,23.54054054054054,0.5730796554548808,0.6697290398010888,0.45651025252009897,0.52707641237053,274.5135135135135,True
106164,Tomas Lipovsek Puches,19.5,183.0,0,1.8695652173913044,3.1739130434782608,72.52173913043478,48.34782608695652,31.956521739130434,12.043478260869565,11.217391304347826,4.3478260869565215,7.260869565217392,102.17391304347827,22.047619047619047,0.6711023655027922,0.6801343857935801,0.5202467572230411,0.4934232213312266,557.8181818181819,1.9142857142857144,3.4,66.65714285714286,39.857142857142854,22.942857142857143,11.342857142857143,10.114285714285714,4.371428571428571,9.17142857142857,86.48571428571428,20.65714285714286,0.5897379138647881,0.574652656265191,0.4164056426625425,0.4288793745936603,284.8857142857143,True
209209,Filip Misolic,20.0,180.0,0,2.912280701754386,2.6666666666666665,77.43859649122807,43.228070175438596,30.82456140350877,18.87719298245614,11.75438596491228,4.701754385964913,6.912280701754386,110.2280701754386,24.037037037037038,0.563553544231925,0.730018700015151,0.5662502457627717,0.6806899376343822,333.7894736842105,2.911111111111111,3.066666666666667,74.22222222222223,42.111111111111114,26.31111111111111,14.466666666666667,10.666666666666666,5.222222222222222,9.266666666666667,100.37777777777778,22.11904761904762,0.563676753302154,0.6148574627685025,0.4416429631948186,0.5318304861442116,257.6,True
105454,Brydan Klein,20.0,183.0,0,5.125,2.4166666666666665,73.83333333333333,49.5,35.958333333333336,13.666666666666666,12.041666666666666,3.3333333333333335,5.041666666666667,103.875,24.454545454545453,0.6741642195034446,0.7442528085441342,0.5633056735346936,0.6331701367415652,483.4583333333333,5.2272727272727275,3.3181818181818183,71.45454545454545,45.93181818181818,30.545454545454547,11.045454545454545,10.818181818181818,4.795454545454546,8.25,92.56818181818181,23.097560975609756,0.6360951549826027,0.6552962169758049,0.42936334815575916,0.5614610452678636,276.72093023255815,True
208134,Luca Nardi,16.5,185.0,0,3.897727272727273,2.534090909090909,69.77272727272727,45.02272727272727,32.67045454545455,13.886363636363637,11.261363636363637,3.147727272727273,4.829545454545454,103.05681818181819,23.022988505747126,0.643096377642402,0.735645801951506,0.571394861771956,0.6218148171273171,294.54545454545456,3.0327868852459017,3.0,77.26229508196721,48.36065573770492,32.01639344262295,13.655737704918034,11.737704918032787,4.19672131147541,7.672131147540983,107.34426229508196,24.35593220338983,0.6235807906889348,0.6568297751843418,0.4675434354969058,0.49533538223268214,244.44262295081967,True
209916,Marko Topo,17.5,185.0,0,4.742857142857143,2.857142857142857,73.37142857142857,44.22857142857143,32.25714285714286,15.714285714285714,11.17142857142857,4.114285714285714,5.771428571428571,101.0,22.6,0.5987291870704499,0.7429536731773402,0.5453614709705973,0.7221840857555144,489.8484848484849,4.2926829268292686,3.682926829268293,74.8780487804878,45.46341463414634,29.853658536585368,13.024390243902438,11.21951219512195,4.170731707317073,8.024390243902438,101.17073170731707,22.95,0.6089186349695386,0.6461186899256407,0.4236397930155548,0.46114502029136173,286.8292682926829,True
106026,Yuki Bhambri,18.1,185.0,0,3.6666666666666665,2.3636363636363638,70.24242424242425,45.22727272727273,32.18181818181818,13.681818181818182,11.136363636363637,4.0,5.863636363636363,97.68181818181819,22.615384615384617,0.6415970139225503,0.7205296543555854,0.5496071821389591,0.6700562356352797,352.3333333333333,2.4,3.05,69.8,44.025,26.325,11.85,10.55,4.8,8.975,91.85,22.16216216216216,0.6319522080949532,0.5772494518415643,0.44502044654950035,0.4665813638975404,189.65,True
208260,Zachary Svajda,16.8,175.0,0,4.418918918918919,2.108108108108108,69.24324324324324,42.28378378378378,30.85135135135135,15.324324324324325,11.14864864864865,3.27027027027027,4.905405405405405,94.62162162162163,22.383561643835616,0.6125683649241248,0.7341185477236027,0.5857278993259545,0.637730774127833,409.6849315068493,3.0925925925925926,2.4814814814814814,72.01851851851852,43.925925925925924,27.833333333333332,12.851851851851851,11.055555555555555,4.055555555555555,8.055555555555555,95.4074074074074,22.849056603773583,0.6114355791384892,0.6234053885307389,0.4448390020338965,0.44780538391649505,299.037037037037,True
210340,Philip Sekulic,18.3,191.0,0,4.886363636363637,2.477272727272727,72.70454545454545,45.47727272727273,33.31818181818182,14.909090909090908,11.5,3.727272727272727,5.386363636363637,112.6590909090909,23.232558139534884,0.6334708475778608,0.7412309689255323,0.5677723289965683,0.662477998192284,501.70454545454544,4.2444444444444445,3.6222222222222222,76.77777777777777,46.46666666666667,31.266666666666666,13.533333333333333,11.644444444444444,4.155555555555556,7.644444444444445,116.88888888888889,23.906976744186046,0.5982347112412625,0.6657912048506905,0.43621926500745906,0.4892384159050825,337.3333333333333,True
106398,Pedro Cachin,18.4,185.0,0,3.5757575757575757,2.772727272727273,72.06060606060606,42.53030303030303,30.015151515151516,15.409090909090908,11.045454545454545,4.136363636363637,6.303030303030303,99.24242424242425,22.640625,0.5923174976235667,0.7204217977997254,0.521158067205888,0.6044092192529693,349.671875,3.1944444444444446,4.097222222222222,74.41666666666667,42.541666666666664,26.75,13.875,11.208333333333334,4.722222222222222,9.291666666666666,102.86111111111111,23.057142857142857,0.5739843998191587,0.6217064811890105,0.4247132864748051,0.456148549163255,268.7916666666667,True
208230,Alibek Kachmazov,18.5,185.0,0,6.076923076923077,3.358974358974359,74.2051282051282,41.8974358974359,31.0,17.28205128205128,11.5,3.7948717948717947,5.6923076923076925,107.06410256410257,23.32,0.5706466111966001,0.749421901342853,0.5464822965415672,0.6410585579090481,434.2236842105263,4.064516129032258,3.629032258064516,73.96774193548387,40.37096774193548,26.870967741935484,15.709677419354838,11.048387096774194,4.548387096774194,8.225806451612904,108.11290322580645,22.7,0.5445251997521909,0.6546684487589939,0.45202770485632127,0.4884377271474046,286.7258064516129,True
105379,Aljaz Bedene,20.6,181.0,0,6.596774193548387,3.0483870967741935,65.19354838709677,36.854838709677416,28.080645161290324,15.564516129032258,10.580645161290322,2.7419354838709675,4.258064516129032,98.41935483870968,21.475409836065573,0.5685507139452478,0.772054847193913,0.5639202725565297,0.6449206349206348,243.29508196721312,5.043478260869565,3.9130434782608696,79.8695652173913,44.30434782608695,30.043478260869566,15.565217391304348,11.782608695652174,4.260869565217392,8.08695652173913,122.04347826086956,26.15,0.5563306748479554,0.6727242873854814,0.4305339374354665,0.4386274353665658,187.82608695652175,True
105613,Norbert Gombos,21.1,193.0,0,4.666666666666667,3.2222222222222223,71.05555555555556,42.907407407407405,31.296296296296298,15.462962962962964,11.185185185185185,3.7222222222222223,5.537037037037037,95.96296296296296,22.48148148148148,0.6078442304039122,0.7368028723841967,0.560979738610163,0.6606683077271313,289.5,4.463414634146342,4.317073170731708,71.1951219512195,42.02439024390244,27.146341463414632,12.487804878048781,10.878048780487806,4.414634146341464,8.463414634146341,96.73170731707317,22.24390243902439,0.5956158285421641,0.6440291812637869,0.4193265936821571,0.4748354626403407,182.0487804878049,True
208021,Kyrian Jacquet,18.6,178.0,0,3.8205128205128207,3.2435897435897436,69.96153846153847,40.57692307692308,29.23076923076923,15.91025641025641,10.948717948717949,3.371794871794872,5.205128205128205,96.71794871794872,22.205479452054796,0.5814219230612685,0.7358051233575705,0.5501018310516022,0.6091120613179437,369.027397260274,2.8360655737704916,2.7868852459016393,70.21311475409836,43.81967213114754,27.62295081967213,11.672131147540984,10.459016393442623,4.786885245901639,8.62295081967213,90.44262295081967,21.636363636363637,0.628289013697947,0.6272341057393119,0.43230383789271887,0.524556175608046,270.62295081967216,True
209409,Coleman Wong,18.2,191.0,0,7.979591836734694,2.306122448979592,77.34693877551021,46.244897959183675,34.48979591836735,16.93877551020408,11.877551020408163,4.244897959183674,5.775510204081633,108.42857142857143,24.152173913043477,0.6035247914430734,0.7537050591767135,0.551512309861633,0.6827438518927881,401.8958333333333,5.641025641025641,2.3333333333333335,70.76923076923077,40.64102564102564,27.358974358974358,12.923076923076923,10.871794871794872,3.923076923076923,7.794871794871795,97.82051282051282,22.076923076923077,0.5807535165824068,0.6619208496087422,0.422956178004347,0.4438873804258419,251.43589743589743,True
207352,Bu Yunchaokete,20.5,185.0,0,5.438356164383562,1.5616438356164384,67.21917808219177,39.12328767123287,29.0,15.986301369863014,10.58904109589041,3.4657534246575343,4.794520547945205,103.54794520547945,21.797101449275363,0.5814075543362627,0.7473077238379028,0.5731183209886683,0.6742115727409845,451.0,5.170731707317073,2.097560975609756,75.8048780487805,42.73170731707317,27.878048780487806,15.78048780487805,11.146341463414634,4.634146341463414,8.146341463414634,110.97560975609755,22.975,0.5631276703314168,0.6537759333958933,0.47159722595227804,0.5055597519012153,259.609756097561,True
117357,Omar Jasika,16.6,183.0,0,2.8,2.9,71.76666666666667,47.06666666666667,32.733333333333334,14.4,11.133333333333333,3.933333333333333,5.433333333333334,89.9,22.1,0.6572343984147456,0.7117268998914466,0.5931682164790484,0.6781718281718282,337.7241379310345,2.3333333333333335,3.3,71.2,45.6,27.5,11.466666666666667,10.6,4.633333333333334,8.733333333333333,87.73333333333333,21.5,0.6357170230765216,0.5899283758413782,0.4498067920607234,0.4993570100923042,246.4,False
104965,Pavol Cervenak,22.5,191.0,0,3.96,2.84,63.08,37.12,28.0,13.72,9.92,2.68,4.08,90.4,21.217391304347824,0.5907322152979914,0.7644560718333446,0.538758091981246,0.6516218081435473,289.7083333333333,3.586206896551724,3.1724137931034484,65.93103448275862,37.758620689655174,25.17241379310345,12.379310344827585,10.310344827586206,4.0344827586206895,7.620689655172414,92.79310344827586,21.413793103448278,0.5659125994049772,0.6661887754468067,0.4365278196837301,0.4937328954570333,224.0344827586207,True
110748,Nikola Milojevic,19.0,188.0,0,4.1208791208791204,3.681318681318681,69.51648351648352,41.043956043956044,30.483516483516482,15.263736263736265,10.956043956043956,3.076923076923077,4.835164835164835,98.81318681318682,22.579545454545453,0.5890647221778113,0.7615391318166351,0.5437405960557637,0.5968079007713154,371.76666666666665,2.925,4.2625,74.7625,42.95,27.0875,14.15,11.2,4.875,9.1125,102.7,23.569444444444443,0.5693911571322172,0.6166118563689942,0.4385437557114592,0.4811989280284559,234.6375,True
122669,Juan Pablo Varillas,18.0,185.0,0,3.810344827586207,1.9827586206896552,59.12068965517241,33.758620689655174,25.43103448275862,14.293103448275861,9.672413793103448,2.5,3.913793103448276,90.46551724137932,20.529411764705884,0.5788685463703817,0.7683777421420023,0.5779703450323753,0.6009704892057833,503.22641509433964,3.4782608695652173,3.5217391304347827,71.69565217391305,40.76086956521739,26.108695652173914,14.195652173913043,10.847826086956522,4.8478260869565215,8.782608695652174,98.34782608695652,21.956521739130434,0.5694707490798051,0.6333349773677793,0.45675760018917305,0.5208309202874419,317.4130434782609,True
132482,Liam Caruana,18.3,178.0,0,5.96875,1.90625,67.96875,39.71875,30.09375,15.46875,10.84375,3.03125,4.53125,88.40625,21.806451612903224,0.5872960231907387,0.7656313998965577,0.5545909137374451,0.5972997167441612,530.2857142857143,2.8518518518518516,1.962962962962963,63.22222222222222,38.074074074074076,24.51851851851852,10.88888888888889,9.444444444444445,3.740740740740741,7.296296296296297,74.51851851851852,19.88,0.6048077267985379,0.631665626323943,0.4272504134696214,0.45404082597065054,282.1111111111111,True
106415,Yoshihito Nishioka,17.1,170.0,0,1.9487179487179487,1.564102564102564,65.21794871794872,40.8974358974359,28.705128205128204,13.628205128205128,10.474358974358974,3.2435897435897436,5.1923076923076925,89.34615384615384,21.18421052631579,0.6306382388464399,0.7159089399311279,0.5820482664241227,0.5852934624061384,400.1948051948052,1.1777777777777778,2.2666666666666666,64.55555555555556,40.06666666666667,23.91111111111111,11.444444444444445,10.28888888888889,3.3777777777777778,7.488888888888889,89.6,21.365853658536587,0.615158510562809,0.590379297025184,0.45866120490331913,0.39559957108976707,203.53333333333333,False
105254,Nikola Mektic,21.0,183.0,0,4.033333333333333,1.9333333333333333,74.86666666666666,45.36666666666667,32.5,15.066666666666666,11.7,3.033333333333333,5.533333333333333,112.86666666666666,24.892857142857142,0.6076630192840985,0.7347638172064545,0.5120507463680981,0.5189168111581905,287.8965517241379,4.5,2.6,74.85,43.925,28.925,14.05,11.125,4.75,8.475,103.1,22.75,0.5854046257727576,0.6526450351672223,0.4486772387676643,0.5266098831723832,181.3,True
208013,Dane Sweeny,18.6,170.0,0,2.7916666666666665,3.3541666666666665,74.08333333333333,47.145833333333336,32.625,14.6875,11.4375,4.3125,6.354166666666667,105.29166666666667,22.95744680851064,0.6370127435221452,0.706415552792754,0.5523886115297055,0.6816844689127298,475.1489361702128,1.890625,3.21875,68.890625,41.28125,25.390625,12.875,10.578125,4.34375,8.421875,100.734375,21.546875,0.5951516078180126,0.6114094598539812,0.46749968472829095,0.4544714621007432,362.953125,True
202122,Yuta Shimizu,17.4,163.0,0,3.0714285714285716,2.0952380952380953,71.04761904761905,43.5,31.357142857142858,14.642857142857142,10.714285714285714,4.190476190476191,5.904761904761905,95.71428571428571,22.105263157894736,0.6149250695028763,0.737919146571939,0.5458124464803567,0.6997488266719035,432.76190476190476,2.1842105263157894,3.0526315789473686,70.10526315789474,41.5,26.57894736842105,11.947368421052632,10.868421052631579,4.157894736842105,8.368421052631579,90.78947368421052,22.210526315789473,0.5912183099499245,0.6322410591496114,0.4112616137544797,0.4572645191066243,287.0,False
105591,Matt Reid,19.5,183.0,0,7.627906976744186,3.0,66.6046511627907,39.30232558139535,30.372093023255815,14.86046511627907,10.767441860465116,3.0,4.325581395348837,88.6046511627907,22.846153846153847,0.591002875333424,0.7779667647830606,0.5510191467065384,0.6682539682539683,399.1190476190476,5.547169811320755,5.09433962264151,70.81132075471699,38.867924528301884,26.245283018867923,13.830188679245284,10.660377358490566,4.867924528301887,8.49056603773585,87.24528301886792,21.71698113207547,0.5493308716932196,0.6722250982192557,0.4380577665996379,0.5229513703709042,255.20754716981133,True
106331,Christopher Oconnell,19.6,183.0,0,5.32258064516129,2.3548387096774195,68.09677419354838,41.483870967741936,30.838709677419356,14.451612903225806,10.774193548387096,3.5806451612903225,5.096774193548387,88.54838709677419,21.7,0.6173835623516603,0.7510475083367095,0.5558350442018909,0.58012987012987,408.75,4.742857142857143,3.1714285714285713,76.71428571428571,46.05714285714286,29.942857142857143,12.8,11.514285714285714,5.114285714285714,9.314285714285715,96.71428571428571,23.735294117647058,0.6007266494582632,0.6390814711007711,0.40498174059932457,0.5195839687856494,275.37142857142857,True
105738,Tsung Hua Yang,18.8,178.0,0,5.822784810126582,2.5063291139240507,72.9113924050633,43.91139240506329,33.11392405063291,15.69620253164557,11.784810126582279,3.151898734177215,4.886075949367089,104.25316455696202,24.0,0.6001563448499283,0.7620872662898659,0.5457406935238279,0.6029406029406029,348.45569620253167,4.620689655172414,2.8850574712643677,74.24137931034483,44.2183908045977,29.724137931034484,12.96551724137931,11.229885057471265,4.35632183908046,8.080459770114942,100.10344827586206,22.816091954022987,0.5918923637398127,0.6563150072054975,0.4223065281664453,0.5068935760098886,247.5632183908046,True
111574,Jc Aragone,21.3,178.0,0,5.489795918367347,3.163265306122449,77.38775510204081,48.244897959183675,34.3469387755102,16.102040816326532,11.612244897959183,4.163265306122449,5.938775510204081,99.95918367346938,24.369565217391305,0.6241554313798949,0.7265624840949575,0.5590787456726803,0.6696338538005205,428.1777777777778,4.470588235294118,3.392156862745098,74.17647058823529,47.1764705882353,29.96078431372549,11.882352941176471,11.254901960784315,4.215686274509804,8.235294117647058,96.49019607843137,22.96078431372549,0.6342849110870968,0.6308704524683343,0.4357424339625709,0.4659870035803382,282.62,True
111795,Filippo Baldi,17.2,183.0,0,3.2333333333333334,2.7666666666666666,76.4,48.38333333333333,34.2,15.033333333333333,11.55,4.433333333333334,6.3,100.1,23.596491228070175,0.6352206456752996,0.7167665829284657,0.5404045929838064,0.6873299447512341,302.82758620689657,1.9838709677419355,3.0483870967741935,71.12903225806451,44.983870967741936,28.43548387096774,12.096774193548388,10.758064516129032,4.17741935483871,7.903225806451613,92.95161290322581,22.423728813559322,0.6310919767701317,0.6184412699946819,0.4579947827320328,0.46840789139176237,227.66129032258064,True
202358,Chun Hsin Tseng,16.1,175.0,0,2.5,2.0878378378378377,68.60810810810811,39.979729729729726,28.493243243243242,15.702702702702704,10.695945945945946,3.574324324324324,5.45945945945946,102.89864864864865,22.09285714285714,0.5789268353040504,0.7273834181537314,0.5631918668428824,0.6128884989039673,318.75172413793103,2.303921568627451,3.0686274509803924,75.17647058823529,44.009803921568626,27.127450980392158,14.029411764705882,11.117647058823529,4.96078431372549,9.333333333333334,109.66666666666667,22.77777777777778,0.5836234187367847,0.6121278256935957,0.44079064250439526,0.4848227080493517,282.03921568627453,True
200221,Alejandro Davidovich Fokina,18.2,183.0,0,2.2205882352941178,2.5294117647058822,66.1029411764706,43.76470588235294,30.08823529411765,12.323529411764707,10.426470588235293,3.3676470588235294,5.279411764705882,88.20588235294117,21.34328358208955,0.6612331058538082,0.6990965672162621,0.5673496443358983,0.619343816474964,340.6865671641791,2.4545454545454546,3.090909090909091,75.9090909090909,48.515151515151516,30.454545454545453,12.151515151515152,11.727272727272727,4.393939393939394,8.666666666666666,100.3030303030303,24.1875,0.6362546690628345,0.6302420461983869,0.4399920560598647,0.46743399697945154,203.54545454545453,True
106296,Gregoire Barrere,20.5,183.0,0,5.609756097560975,2.3902439024390243,70.65853658536585,44.21951219512195,33.31707317073171,13.609756097560975,11.463414634146341,3.1951219512195124,4.975609756097561,86.90243902439025,22.926829268292682,0.6257978026616187,0.7633172673596238,0.5245685181301516,0.628954378954379,294.525,3.8157894736842106,3.473684210526316,75.5,43.973684210526315,28.710526315789473,14.578947368421053,11.631578947368421,4.684210526315789,8.68421052631579,88.97368421052632,23.513513513513512,0.5778285284609687,0.6505455072498991,0.46074470910424653,0.4868699274129452,284.57894736842104,True
200059,Yibing Wu,16.3,183.0,0,4.1568627450980395,1.8823529411764706,69.31372549019608,44.1764705882353,31.84313725490196,14.490196078431373,10.686274509803921,3.4705882352941178,4.882352941176471,94.29411764705883,22.04255319148936,0.6410687464603384,0.7381698247942691,0.5790779390146805,0.7137670971004304,285.1372549019608,3.125,2.0833333333333335,63.041666666666664,39.958333333333336,24.75,10.791666666666666,10.166666666666666,2.4166666666666665,6.125,82.45833333333333,21.40909090909091,0.6377981613209435,0.6054302146577595,0.4591334310891491,0.32174272486772487,284.9583333333333,True
105430,Radu Albot,20.7,175.0,0,1.95,2.425,67.3,44.15,30.25,12.2,10.325,3.675,5.675,89.8,21.594594594594593,0.6476222940507563,0.7042491825450699,0.542962166285448,0.623519911019911,438.1,1.7272727272727273,2.5454545454545454,74.36363636363636,48.86363636363637,29.0,11.363636363636363,10.772727272727273,5.2272727272727275,9.477272727272727,100.3409090909091,21.75,0.6575802434554252,0.589465937983813,0.4365235239247824,0.5306292192655828,217.9090909090909,True
207678,Juan Manuel Cerundolo,17.8,183.0,0,1.626865671641791,2.2388059701492535,69.23134328358209,46.28358208955224,30.574626865671643,12.059701492537313,10.671641791044776,4.022388059701493,6.529850746268656,103.33582089552239,21.80916030534351,0.6672396270847597,0.6763791154463856,0.537384759773008,0.5707326274203025,316.2109375,1.5142857142857142,2.8142857142857145,70.65714285714286,46.214285714285715,26.32857142857143,10.871428571428572,10.385714285714286,4.428571428571429,9.014285714285714,104.08571428571429,21.491525423728813,0.6499831341796108,0.5625752695568839,0.44767684649015305,0.4516650762869251,234.31428571428572,False
105643,Federico Delbonis,19.4,193.0,0,3.875,2.2875,63.075,40.3375,30.4,12.225,10.1125,3.2375,4.4625,87.75,21.12162162162162,0.6454758999494172,0.7675916715048137,0.5573526223074085,0.737938345324709,250.0253164556962,3.1607142857142856,3.5892857142857144,76.10714285714286,46.19642857142857,30.214285714285715,13.625,11.517857142857142,5.035714285714286,8.839285714285714,105.35714285714286,23.517857142857142,0.608232903206873,0.6444527003663152,0.45379448375406506,0.5270649431101112,174.85714285714286,False
105723,Andrey Kuznetsov,18.9,183.0,0,4.371794871794871,2.551282051282051,67.3974358974359,38.38461538461539,29.333333333333332,15.64102564102564,10.743589743589743,3.4615384615384617,5.012820512820513,90.91025641025641,22.266666666666666,0.5699537189394719,0.7729240283874648,0.5569209625002428,0.6913200803825804,279.6753246753247,4.340425531914893,3.893617021276596,82.02127659574468,44.53191489361702,30.148936170212767,16.70212765957447,12.02127659574468,5.382978723404255,9.53191489361702,106.12765957446808,24.680851063829788,0.5418363741710497,0.6662436553750022,0.43882760916580976,0.5055241726706057,226.7659574468085,True
202398,Michael Vrbensky,18.4,180.0,0,4.320754716981132,3.8679245283018866,74.11320754716981,39.660377358490564,29.169811320754718,18.32075471698113,11.150943396226415,4.849056603773585,6.622641509433962,108.09433962264151,23.08,0.5372119193669597,0.74345606833043,0.5489938350597678,0.7162750027750029,455.36538461538464,2.9193548387096775,3.9838709677419355,73.29032258064517,39.354838709677416,25.225806451612904,14.67741935483871,10.725806451612904,5.161290322580645,9.370967741935484,102.11290322580645,22.083333333333332,0.5376383411153194,0.6280760189720096,0.417186394111791,0.514795191894338,291.16129032258067,True
106000,Damir Dzumhur,19.7,175.0,0,2.265625,1.65625,66.15625,42.96875,29.46875,12.796875,10.1875,3.3125,5.1875,88.09375,20.847457627118644,0.6565833680354629,0.6984378511327944,0.5748148942636773,0.5987435606288066,289.6031746031746,2.142857142857143,2.4285714285714284,71.75510204081633,45.44897959183673,28.408163265306122,11.816326530612244,11.10204081632653,4.63265306122449,8.857142857142858,96.3265306122449,22.80851063829787,0.6319804512004629,0.6248599744098756,0.45244566053497526,0.4562216878969896,228.46938775510205,True
126149,Gianluca Mager,18.7,188.0,0,5.647058823529412,2.8823529411764706,67.83529411764705,39.88235294117647,30.152941176470588,14.941176470588236,10.823529411764707,3.1882352941176473,4.788235294117647,91.58823529411765,22.55,0.5923181824337783,0.7647889180816144,0.548726263739642,0.6524017914275267,447.6875,5.191780821917808,3.835616438356164,70.15068493150685,38.73972602739726,25.986301369863014,14.41095890410959,10.73972602739726,4.315068493150685,7.821917808219178,88.12328767123287,22.309859154929576,0.5432270826227742,0.6540994848323479,0.4464016463103517,0.5185892874249038,310.56944444444446,True
208363,Mariano Navone,20.6,178.0,0,0.7733333333333333,2.7466666666666666,69.81333333333333,46.56,30.133333333333333,11.72,10.84,4.16,7.2,114.53333333333333,22.357142857142858,0.6683169310973827,0.6576239217437455,0.5079482029523553,0.5465237060631798,326.93333333333334,0.5945945945945946,3.8378378378378377,78.10810810810811,52.054054054054056,29.0,11.216216216216216,11.35135135135135,5.351351351351352,10.675675675675675,127.43243243243244,23.56756756756757,0.6639384452373669,0.5477393124712827,0.42695049830333803,0.4628753656694833,310.7027027027027,True
210317,James Mccabe,18.4,188.0,0,8.089285714285714,2.2857142857142856,71.625,42.92857142857143,33.42857142857143,15.232142857142858,11.357142857142858,2.9464285714285716,4.303571428571429,108.01785714285714,23.22222222222222,0.5959889120075308,0.7935731904544544,0.5469147975702223,0.6714615095049877,452.9642857142857,5.529411764705882,2.823529411764706,65.92156862745098,39.21568627450981,25.470588235294116,11.215686274509803,10.156862745098039,3.784313725490196,7.607843137254902,93.96078431372548,21.52173913043478,0.5912762710843046,0.6412546766526919,0.41720028211934546,0.4581347301935538,277.70588235294116,True
105077,Albert Ramos,22.0,188.0,0,2.126984126984127,1.9682539682539681,70.85714285714286,47.80952380952381,33.666666666666664,12.253968253968255,11.126984126984127,3.5238095238095237,5.412698412698413,106.26984126984127,22.387096774193548,0.671726702260418,0.714721485760857,0.5333722175766531,0.610943547193547,240.75806451612902,2.032258064516129,2.4193548387096775,81.16129032258064,53.38709677419355,32.645161290322584,11.709677419354838,12.0,4.709677419354839,9.290322580645162,123.2258064516129,24.451612903225808,0.6486015667648571,0.6018573429418242,0.4181706890011809,0.45146779743553933,206.48387096774192,False
208158,Dominik Palan,20.3,191.0,0,8.037037037037036,3.185185185185185,69.18518518518519,43.48148148148148,33.2962962962963,14.88888888888889,11.407407407407407,2.4074074074074074,3.5185185185185186,101.51851851851852,23.26923076923077,0.6248876463853895,0.7752561900020005,0.6027393160881831,0.6512005772005771,520.9230769230769,6.704545454545454,5.363636363636363,73.95454545454545,45.68181818181818,31.90909090909091,12.386363636363637,11.136363636363637,4.204545454545454,7.159090909090909,103.27272727272727,23.5,0.6139465719234359,0.6931268280567416,0.43107279983592356,0.5411608593426777,369.8863636363636,True
208913,Juan Bautista Torres,19.5,178.0,0,1.184782608695652,1.9456521739130435,61.78260869565217,40.19565217391305,27.565217391304348,11.91304347826087,9.83695652173913,3.4130434782608696,5.304347826086956,101.26086956521739,20.32183908045977,0.6470146398080305,0.6951875174668476,0.5630948976453175,0.6256315264503768,472.5287356321839,1.1267605633802817,3.295774647887324,73.88732394366197,46.2112676056338,27.0,12.098591549295774,11.098591549295774,4.450704225352113,9.32394366197183,120.1830985915493,23.159420289855074,0.6252624770754366,0.5766635349238629,0.43082844953607974,0.4546274884095927,243.08450704225353,True
144972,Geoffrey Blancaneaux,17.5,180.0,0,2.8795180722891565,2.927710843373494,68.18072289156626,44.59036144578313,31.72289156626506,12.72289156626506,10.686746987951807,3.2771084337349397,4.963855421686747,102.1566265060241,21.40740740740741,0.6571309834479543,0.7276686365883281,0.543022093541265,0.6231487810435179,415.2368421052632,2.5660377358490565,3.7547169811320753,71.31132075471699,44.056603773584904,26.9811320754717,12.29245283018868,10.858490566037736,4.886792452830188,9.150943396226415,102.23584905660377,22.168316831683168,0.6175103201114742,0.6082314408836184,0.43841043788628237,0.5049715473141199,265.1981132075472,True
200516,Patrick Kypson,17.8,188.0,0,5.612903225806452,1.5806451612903225,63.806451612903224,40.04838709677419,30.741935483870968,13.82258064516129,10.451612903225806,2.629032258064516,3.5161290322580645,94.48387096774194,21.2,0.6247396530470756,0.7797409060958431,0.594924268145676,0.6854086084855315,516.7796610169491,5.2439024390243905,2.707317073170732,73.85365853658537,45.02439024390244,30.073170731707318,13.365853658536585,11.097560975609756,4.439024390243903,8.048780487804878,107.29268292682927,22.9,0.60525410221116,0.6479555189994695,0.4636047298692629,0.5243927481732359,293.0731707317073,True
111456,Mackenzie Mcdonald,19.1,178.0,0,3.6470588235294117,2.161764705882353,65.67647058823529,41.51470588235294,30.779411764705884,13.5,10.5,2.9558823529411766,4.338235294117647,85.3970588235294,21.220588235294116,0.6300188907929567,0.7515854711319928,0.5685441897491219,0.6427269345238096,315.19354838709677,2.9302325581395348,3.441860465116279,75.06976744186046,45.41860465116279,29.74418604651163,13.511627906976743,11.116279069767442,4.4186046511627906,8.0,95.90697674418605,23.21951219512195,0.5985487445814143,0.6497629871411882,0.4513491126530134,0.5060064612390195,206.7906976744186,True
105585,Ze Zhang,19.8,188.0,0,4.7924528301886795,3.150943396226415,63.056603773584904,40.16981132075472,30.150943396226417,12.132075471698114,10.245283018867925,3.0377358490566038,4.415094339622642,89.73584905660377,21.215686274509803,0.6406824986910524,0.7676797504210503,0.5516532372626508,0.6413011063011063,397.9423076923077,3.558139534883721,4.511627906976744,73.83720930232558,46.348837209302324,29.186046511627907,12.30232558139535,11.116279069767442,4.3023255813953485,8.279069767441861,102.09302325581395,23.21951219512195,0.6322592722765542,0.6215270712307966,0.4402794590547748,0.47909596863085235,215.02325581395348,True
122536,Juan Pablo Paz,19.2,173.0,0,4.363636363636363,1.8181818181818181,59.03030303030303,34.515151515151516,25.848484848484848,14.090909090909092,9.909090909090908,2.5454545454545454,3.909090909090909,130.0909090909091,20.741935483870968,0.5949641178844192,0.766486806876234,0.5912140216593291,0.6851746031746032,669.7037037037037,2.918918918918919,3.5945945945945947,69.56756756756756,40.432432432432435,25.91891891891892,12.432432432432432,10.513513513513514,4.594594594594595,8.64864864864865,96.16216216216216,21.77777777777778,0.5819846398547203,0.6340083282734456,0.41740368773466185,0.5018689268689269,363.02702702702703,True
106412,Lucas Gomez,18.5,178.0,0,2.5416666666666665,2.375,65.54166666666667,42.791666666666664,31.0,12.208333333333334,9.875,3.3333333333333335,4.666666666666667,87.25,20.608695652173914,0.662390563160704,0.7317036795661256,0.5610354701627922,0.7199893673577885,605.8571428571429,1.9069767441860466,4.116279069767442,72.79069767441861,44.325581395348834,27.88372093023256,13.0,10.953488372093023,4.976744186046512,8.883720930232558,94.88372093023256,22.46511627906977,0.5963645261512744,0.6271729589884706,0.4528196158759821,0.4932720380394799,420.30232558139534,False
105819,Guido Andreozzi,20.1,183.0,0,3.1123595505617976,2.134831460674157,63.30337078651685,37.91011235955056,28.078651685393258,14.269662921348315,10.348314606741573,2.606741573033708,4.224719101123595,90.62921348314607,20.82758620689655,0.5984911830356756,0.7539964926418325,0.5768242500243519,0.6183865786990788,292.1927710843373,2.9516129032258065,3.6774193548387095,78.45161290322581,45.03225806451613,28.629032258064516,15.274193548387096,11.951612903225806,4.774193548387097,9.112903225806452,111.33870967741936,24.74576271186441,0.57699571080312,0.6329862848381096,0.44060204270708453,0.46973800311398933,252.1290322580645,True
134840,Raul Brancaccio,20.9,185.0,0,2.5945945945945947,3.27027027027027,68.24324324324324,39.729729729729726,28.54054054054054,14.675675675675675,10.64864864864865,3.2162162162162162,5.324324324324325,92.83783783783784,22.441176470588236,0.5834146313590571,0.7320585578821979,0.5203321044579137,0.5615779645191409,304.7878787878788,1.8043478260869565,4.282608695652174,72.47826086956522,41.67391304347826,25.934782608695652,14.08695652173913,10.978260869565217,4.804347826086956,8.91304347826087,96.26086956521739,22.844444444444445,0.5694634209934436,0.6168900106458959,0.45865970029023784,0.5066186927742993,268.30434782608694,True
111187,Kaichi Uchida,18.2,180.0,0,4.894736842105263,3.289473684210526,62.31578947368421,35.73684210526316,28.13157894736842,14.394736842105264,10.473684210526315,2.5526315789473686,4.078947368421052,83.1842105263158,21.18918918918919,0.5737862602842728,0.8016439374387274,0.5584661724948351,0.6266806722689077,658.1891891891892,3.6346153846153846,3.6346153846153846,70.25,40.80769230769231,27.78846153846154,13.288461538461538,10.884615384615385,3.8076923076923075,7.153846153846154,91.21153846153847,22.48076923076923,0.5799911596857594,0.6805874228579831,0.44434128470158074,0.49022585320662243,301.05882352941177,True
210202,Rodrigo Pacheco Mendez,16.8,188.0,0,4.15,4.0,71.85,44.5,32.75,14.8,10.9,4.2,5.75,112.65,22.05,0.616858936745401,0.7543807397553578,0.5558186175762903,0.7281084656084656,452.42105263157896,2.6,3.057142857142857,69.34285714285714,42.4,27.257142857142856,12.742857142857142,10.8,3.5142857142857142,7.228571428571429,103.97142857142858,22.02857142857143,0.6131467688870302,0.6369514239004453,0.4707000465929209,0.4450133992991136,316.9142857142857,False
207608,Timofey Skatov,17.3,175.0,0,1.202127659574468,2.24468085106383,74.74468085106383,53.12765957446808,34.819148936170215,11.574468085106384,11.404255319148936,4.329787234042553,6.968085106382978,124.07446808510639,23.528089887640448,0.7060577170290464,0.6701692613048924,0.5536645441977837,0.6096753109769104,340.42391304347825,0.8765432098765432,2.246913580246914,74.44444444444444,52.77777777777778,30.666666666666668,9.975308641975309,11.049382716049383,4.679012345679013,9.074074074074074,136.20987654320987,22.9625,0.6992150385485829,0.568359972684012,0.44197461746744904,0.4783296044160624,281.1358024691358,True
200218,Mate Valkusz,18.4,183.0,0,1.6333333333333333,2.066666666666667,62.733333333333334,38.96666666666667,27.6,12.866666666666667,9.866666666666667,3.2333333333333334,5.033333333333333,85.9,20.77777777777778,0.6183075566274763,0.7203580851993049,0.5762333074612477,0.5840275109505879,342.6896551724138,1.7142857142857142,2.7142857142857144,68.23809523809524,43.19047619047619,25.666666666666668,11.047619047619047,9.857142857142858,5.142857142857143,9.238095238095237,82.38095238095238,22.375,0.6277082602267398,0.5951243221002905,0.42550078188794854,0.5263966192537621,355.42857142857144,True
105590,Uladzimir Ignatik,19.5,183.0,0,8.712765957446809,3.723404255319149,64.63829787234043,41.48936170212766,32.712765957446805,12.170212765957446,10.659574468085106,2.7872340425531914,3.8617021276595747,87.86170212765957,21.977777777777778,0.6435664515780067,0.7981544055353897,0.5462942932656538,0.690751548030029,335.04395604395603,7.042105263157895,5.231578947368421,77.10526315789474,48.2,33.49473684210526,12.147368421052631,11.663157894736843,4.126315789473685,7.621052631578947,103.13684210526316,24.35483870967742,0.6251886991185482,0.6851685911212992,0.4183578126561128,0.47859160619222546,220.97894736842105,True
200175,Miomir Kecmanovic,17.5,183.0,0,3.830188679245283,1.830188679245283,70.62264150943396,41.660377358490564,30.77358490566038,15.735849056603774,11.018867924528301,3.9245283018867925,5.622641509433962,93.60377358490567,23.3,0.5880880085212379,0.7447240645501905,0.5524992285547692,0.6367238562091504,272.8679245283019,3.242424242424242,2.6666666666666665,73.0,42.333333333333336,27.96969696969697,14.727272727272727,11.181818181818182,4.181818181818182,7.636363636363637,96.45454545454545,23.8,0.5751741654809539,0.6482788957314208,0.4717972759886683,0.48973692676901226,192.1818181818182,True
209263,Matteo Gigante,18.1,180.0,0,3.9195402298850577,3.310344827586207,70.63218390804597,41.59770114942529,29.82758620689655,15.114942528735632,11.057471264367816,3.8505747126436782,6.045977011494253,101.5632183908046,22.441860465116278,0.5895633156917953,0.726439419423384,0.539327553824121,0.639977489830431,318.2413793103448,2.5074626865671643,3.4925373134328357,71.55223880597015,41.62686567164179,26.28358208955224,13.64179104477612,10.91044776119403,4.776119402985074,8.925373134328359,95.94029850746269,22.76923076923077,0.5760765324583096,0.6244497332645158,0.44662129463814065,0.4896739210940264,229.4179104477612,False
106291,Luke Saville,16.0,188.0,0,5.333333333333333,3.8666666666666667,69.55,41.916666666666664,31.35,14.633333333333333,11.05,3.3,5.05,92.95,22.35,0.6068417771898141,0.7621938354346686,0.5514498430986834,0.6191153296983128,521.8928571428571,4.038461538461538,4.217948717948718,70.85897435897436,42.46153846153846,27.53846153846154,12.948717948717949,10.846153846153847,4.0,7.628205128205129,94.11538461538461,22.43421052631579,0.6005240891166703,0.6484492459440088,0.4433657454492869,0.46665600131319196,292.5128205128205,True
144985,Ergi Kirkin,17.5,180.0,0,3.825,2.95,78.65,43.15,30.1,19.225,11.75,4.975,7.275,110.5,23.81578947368421,0.541977914130533,0.7079636319310872,0.558320340119137,0.6588285238440037,486.4054054054054,2.5961538461538463,3.6538461538461537,72.38461538461539,38.40384615384615,23.923076923076923,14.673076923076923,10.692307692307692,5.423076923076923,9.884615384615385,100.92307692307692,21.71153846153846,0.5297389608313541,0.6162600971865222,0.4266616077732789,0.5142335592353454,323.46153846153845,True
210498,Gerard Campana Lee,18.4,183.0,0,2.1951219512195124,3.8048780487804876,73.7560975609756,46.34146341463415,32.21951219512195,14.78048780487805,11.439024390243903,3.707317073170732,5.853658536585366,116.1951219512195,23.05,0.6259268629521787,0.7063054277548444,0.5551922525801493,0.5728013728013728,530.1578947368421,1.6744186046511629,4.3023255813953485,77.23255813953489,47.97674418604651,27.837209302325583,12.581395348837209,11.581395348837209,5.186046511627907,10.30232558139535,123.76744186046511,23.11904761904762,0.6242545724365761,0.5714560755210751,0.4272194083931249,0.46601071257364,302.3720930232558,True
